id,schoolName,numTestTakers,avgSatCriticalReading,avgSatMath,avgSatWriting
1,HENRY STREET SCHOOL FOR INTERNATIONAL STUDIES,29,355,404,363
2,UNIVERSITY NEIGHBORHOOD HIGH SCHOOL,91,383,423,366
3,EAST SIDE COMMUNITY SCHOOL,70,377,402,370
4,FORSYTH SATELLITE ACADEMY,7,414,401,359
5,MARTA VALLE HIGH SCHOOL,44,390,433,384
6,LOWER EAST SIDE PREPARATORY HIGH SCHOOL,112,332,557,316
7,NEW EXPLORATIONS INTO SCIENCE TECHNOLOGY AND MATH HIGH SCHOOL,159,522,574,525
8,CASCADES HIGH SCHOOL,18,417,418,411
9,BARD HIGH SCHOOL EARLY COLLEGE,130,624,604,628
10,47 THE AMERICAN SIGN LANGUAGE AND ENGLISH SECONDARY SCHOOL,16,395,400,387
11,FOOD AND FINANCE HIGH SCHOOL,62,409,393,392
12,ESSEX STREET ACADEMY,53,394,384,378
13,HIGH SCHOOL OF HOSPITALITY MANAGEMENT,58,374,375,362
14,PACE HIGH SCHOOL,85,423,438,432
15,URBAN ASSEMBLY SCHOOL OF DESIGN AND CONSTRUCTION THE,48,404,449,416
16,FACING HISTORY SCHOOL THE,76,353,358,340
17,URBAN ASSEMBLY ACADEMY OF GOVERNMENT AND LAW THE,50,375,388,385
18,LOWER MANHATTAN ARTS ACADEMY,40,403,392,405
19,JAMES BALDWIN SCHOOL THE: A SCHOOL FOR EXPEDITIONARY LEARNING,69,408,390,390
20,URBAN ASSEMBLY SCHOOL OF BUSINESS FOR YOUNG WOMEN THE,42,373,370,384
21,GRAMERCY ARTS HIGH SCHOOL,60,391,391,394
22,NYC ISCHOOL,92,473,483,479
25,EMMA LAZARUS HIGH SCHOOL,79,319,512,357
27,HIGH SCHOOL FOR ENVIRONMENTAL STUDIES,263,465,493,461
28,INSTITUTE FOR COLLABORATIVE EDUCATION,54,492,465,467
29,PROFESSIONAL PERFORMING ARTS HIGH SCHOOL,94,509,490,523
30,BARUCH COLLEGE CAMPUS HIGH SCHOOL,104,496,563,518
31,N.Y.C. LAB SCHOOL FOR COLLABORATIVE STUDIES,114,537,590,550
32,SCHOOL OF THE FUTURE HIGH SCHOOL,66,517,533,515
33,N.Y.C. MUSEUM SCHOOL,103,468,492,459
34,ELEANOR ROOSEVELT HIGH SCHOOL,127,572,594,592
35,MILLENNIUM HIGH SCHOOL,144,528,553,533
36,LANDMARK HIGH SCHOOL,62,390,399,381
37,HIGH SCHOOL FOR HEALTH PROFESSIONS AND HUMAN SERVICES,336,429,449,428
38,LEADERSHIP AND PUBLIC SERVICE HIGH SCHOOL,84,416,426,391
40,LEGACY SCHOOL FOR INTEGRATED STUDIES,29,356,357,349
43,MANHATTAN VILLAGE ACADEMY,95,441,473,458
44,BAYARD RUSTIN EDUCATIONAL COMPLEX,59,378,365,368
45,VANGUARD HIGH SCHOOL,72,395,416,388
46,MANHATTAN INTERNATIONAL HIGH SCHOOL,49,376,460,391
47,WASHINGTON IRVING HIGH SCHOOL,151,373,387,360
49,STUYVESANT HIGH SCHOOL,832,679,735,682
50,HIGH SCHOOL OF ECONOMICS AND FINANCE,167,443,489,442
51,UNITY CENTER FOR URBAN TECHNOLOGIES,25,370,349,351
52,TALENT UNLIMITED HIGH SCHOOL,81,469,472,475
53,MURRY BERGTRAUM HIGH SCHOOL FOR BUSINESS CAREERS,264,407,440,393
54,JACQUELINE KENNEDY ONASSIS HIGH SCHOOL,131,414,425,400
55,REPERTORY COMPANY HIGH SCHOOL FOR THEATRE ARTS,42,429,404,420
56,MANHATTAN BRIDGES HIGH SCHOOL,66,336,378,344
57,NEW DESIGN HIGH SCHOOL,73,391,395,382
58,INDEPENDENCE HIGH SCHOOL,14,389,371,335
59,HIGH SCHOOL FOR DUAL LANGUAGE AND ASIAN STUDIES,78,412,581,431
60,LIBERTY HIGH SCHOOL ACADEMY FOR NEWCOMERS,26,368,436,352
61,THE URBAN ASSEMBLY NEW YORK HARBOR SCHOOL,77,405,423,384
62,HIGH SCHOOL M560 s CITY AS SCHOOL,56,498,440,477
63,URBAN ACADEMY LABORATORY HIGH SCHOOL,30,527,508,512
64,SATELLITE ACADEMY HIGH SCHOOL,33,350,337,345
65,MANHATTAN COMPREHENSIVE NIGHT AND DAY HIGH SCHOOL,121,345,517,343
66,RICHARD R. GREEN HIGH SCHOOL OF TEACHING,84,408,384,403
67,HARVEY MILK HIGH SCHOOL,9,458,416,429
68,THE HIGH SCHOOL OF FASHION INDUSTRIES,335,423,423,411
69,HUMANITIES PREPARATORY ACADEMY,36,426,403,426
70,CHELSEA CAREER AND TECHNICAL EDUCATION HIGH SCHOOL,83,399,418,390
71,NORMAN THOMAS HIGH SCHOOL,154,370,379,359
72,HIGH SCHOOL OF GRAPHIC COMMUNICATION ARTS,191,395,382,376
73,ART AND DESIGN HIGH SCHOOL,270,444,441,430
74,LIFE SCIENCES SECONDARY SCHOOL,61,409,424,403
75,MANHATTAN THEATRE LAB HIGH SCHOOL,27,406,379,408
76,HIGH SCHOOL FOR ARTS IMAGINATION AND INQUIRY,49,374,384,374
77,URBAN ASSEMBLY SCHOOL FOR MEDIA STUDIES THE,41,384,390,370
80,INNOVATION DIPLOMA PLUS,12,416,403,381
81,WADLEIGH SECONDARY SCHOOL FOR THE PERFORMING & VISUAL ARTS,32,371,368,370
83,LOUIS D. BRANDEIS HIGH SCHOOL,131,370,390,358
84,BEACON HIGH SCHOOL,261,577,575,592
85,FIORELLO H. LAGUARDIA HIGH SCHOOL OF MUSIC & ART AND PERFORMING ARTS,531,566,564,577
86,HIGH SCHOOL FOR LAW ADVOCACY AND COMMUNITY JUSTICE,66,396,398,402
87,HIGH SCHOOL OF ARTS AND TECHNOLOGY,75,433,433,411
88,EDWARD A. REYNOLDS WEST SIDE HIGH SCHOOL,35,401,369,351
89,MANHATTAN / HUNTER SCIENCE HIGH SCHOOL,111,473,506,467
91,FREDERICK DOUGLASS ACADEMY II SECONDARY SCHOOL,43,356,379,361
92,COALITION SCHOOL FOR SOCIAL CHANGE,48,354,357,373
93,MANHATTAN CENTER FOR SCIENCE AND MATHEMATICS,375,461,514,455
94,PARK EAST HIGH SCHOOL,51,373,379,376
95,CENTRAL PARK EAST HIGH SCHOOL,73,405,421,395
96,YOUNG WOMEN'S LEADERSHIP SCHOOL,70,432,446,448
97,ACADEMY OF ENVIRONMENTAL SCIENCE SECONDARY HIGH SCHOOL,48,369,369,357
98,HERITAGE SCHOOL THE,31,358,351,345
99,HARLEM RENAISSANCE HIGH SCHOOL,29,357,318,333
100,MOTT HALL HIGH SCHOOL,54,413,399,398
102,ACADEMY FOR SOCIAL ACTION: A COLLEGE BOARD SCHOOL,33,354,366,342
103,URBAN ASSEMBLY SCHOOL FOR THE PERFORMING ARTS,56,360,353,364
104,CHOIR ACADEMY OF HARLEM,20,354,360,385
105,FREDERICK DOUGLASS ACADEMY,214,458,474,442
106,THURGOOD MARSHALL ACADEMY FOR LEARNING AND SOCIAL CHANGE,66,396,402,404
107,BREAD & ROSES INTEGRATED ARTS HIGH SCHOOL,61,369,361,355
108,HIGH SCHOOL FOR MATHEMATICS SCIENCE AND ENGINEERING AT CITY COLLEGE,101,605,654,588
109,CITY COLLEGE ACADEMY OF THE ARTS,60,408,446,416
110,COMMUNITY HEALTH ACADEMY OF THE HEIGHTS,55,362,376,367
111,WASHINGTON HEIGHTS EXPEDITIONARY LEARNING SCHOOL,70,380,395,399
113,GEORGE WASHINGTON YABC,7,394,357,346
114,HIGH SCHOOL FOR INTERNATIONAL BUSINESS AND FINANCE,76,365,384,378
115,HIGH SCHOOL FOR MEDIA AND COMMUNICATIONS,63,369,380,349
116,HIGH SCHOOL FOR LAW AND PUBLIC SERVICE,94,363,378,361
117,HIGH SCHOOL FOR HEALTH CAREERS AND SCIENCES,24,400,422,402
118,A. PHILIP RANDOLPH CAMPUS HIGH SCHOOL,228,430,456,423
119,GREGORIO LUPERON HIGH SCHOOL FOR SCIENCE AND MATHEMATICS,56,339,349,326
120,SOUTH BRONX PREPARATORY: A COLLEGE BOARD SCHOOL,65,364,378,348
121,CROTONA ACADEMY HIGH SCHOOL,9,379,364,382
122,INTERNATIONAL COMMUNITY HIGH SCHOOL,34,310,324,311
125,COMMUNITY SCHOOL FOR SOCIAL JUSTICE,43,361,359,357
126,MOTT HAVEN VILLAGE PREPARATORY HIGH SCHOOL,63,351,375,371
127,UNIVERSITY HEIGHTS SECONDARY SCHOOL,79,403,394,404
128,HOSTOSsLINCOLN ACADEMY OF SCIENCE,66,420,426,411
129,FOREIGN LANGUAGE ACADEMY OF GLOBAL STUDIES,64,399,396,391
130,BRONX LEADERSHIP ACADEMY II HIGH SCHOOL,62,362,378,363
131,NEW EXPLORERS HIGH SCHOOL,28,367,356,361
132,URBAN ASSEMBLY SCHOOL FOR CAREERS IN SPORTS,44,387,411,383
133,BRONX ACADEMY OF LETTERS,51,413,381,407
134,ALFRED E. SMITH CAREER AND TECHNICAL EDUCATION HIGH SCHOOL,76,394,400,364
135,SAMUEL GOMPERS CAREER AND TECHNICAL EDUCATION HIGH SCHOOL,47,398,416,370
136,HEALTH OPPORTUNITIES HIGH SCHOOL,114,363,368,364
138,WOMEN'S ACADEMY OF EXCELLENCE,44,407,386,378
139,RENAISSANCE HIGH SCHOOL FOR MUSICAL THEATER & TECHNOLOGY,52,384,385,389
140,GATEWAY SCHOOL FOR ENVIRONMENTAL RESEARCH AND TECHNOLOGY,41,416,390,394
141,PABLO NERUDA ACADEMY FOR ARCHITECTURE AND WORLD STUDIES,67,337,361,340
142,MILLENNIUM ART ACADEMY,67,387,402,375
143,HOLCOMBE L. RUCKER SCHOOL OF COMMUNITY RESEARCH,39,363,371,350
146,BRONX COMMUNITY HIGH SCHOOL,9,367,369,376
147,HERBERT H. LEHMAN HIGH SCHOOL,415,412,436,393
148,HERBERT H. LEHMAN YABC,6,402,373,413
150,BRONX GUILD,39,369,371,365
152,FELISA RINCON DE GAUTIER INSTITUTE FOR LAW AND PUBLIC POLICY THE,68,373,370,356
153,BANANA KELLY HIGH SCHOOL,54,373,381,377
155,SCHOOL FOR COMMUNITY RESEARCH AND LEARNING,16,366,400,368
156,HIGH SCHOOL X560 s BRONX ACADEMY HIGH SCHOOL,9,404,368,399
157,JANE ADDAMS HIGH SCHOOL FOR ACADEMIC CAREERS,78,377,359,376
158,BRONX EXPEDITIONARY LEARNING HIGH SCHOOL,39,324,376,349
159,EAGLE ACADEMY FOR YOUNG MEN,78,373,387,374
160,URBAN ASSEMBLY ACADEMY FOR HISTORY AND CITIZENSHIP FOR YOUNG MEN THE,33,372,355,357
161,URBAN ASSEMBLY SCHOOL FOR APPLIED MATH AND SCIENCE THE,80,411,464,415
162,EXIMIUS COLLEGE PREPARATORY ACADEMY: A COLLEGE BOARD SCHOOL,50,393,394,382
163,MOTT HALL BRONX HIGH SCHOOL,67,369,367,356
164,BRONX CENTER FOR SCIENCE AND MATHEMATICS,81,459,480,457
165,VALIDUS PREPARATORY ACADEMY: AN EXPEDITIONARY LEARNING SCHOOL,74,356,363,356
166,LEADERSHIP INSTITUTE,30,361,353,367
167,MORRIS ACADEMY FOR COLLABORATIVE STUDIES,38,386,386,376
169,DREAMYARD PREPARATORY SCHOOL,51,382,365,391
170,ACADEMY FOR LANGUAGE AND TECHNOLOGY,54,315,339,297
171,BRONX INTERNATIONAL HIGH SCHOOL,49,314,312,339
172,SCHOOL FOR EXCELLENCE,32,363,360,351
173,BRONX HIGH SCHOOL OF BUSINESS,34,356,376,351
174,BRONX HIGH SCHOOL FOR MEDICAL SCIENCE,64,400,419,402
175,JONATHAN LEVIN HIGH SCHOOL FOR MEDIA AND COMMUNICATIONS,35,379,364,379
176,BRONX SCHOOL FOR LAW GOVERNMENT AND JUSTICE,80,404,418,402
177,FREDERICK DOUGLASS ACADEMY III SECONDARY SCHOOL,50,368,384,369
178,BRONX LEADERSHIP ACADEMY HIGH SCHOOL,114,384,394,388
179,HIGH SCHOOL FOR VIOLIN AND DANCE,27,353,315,371
180,RIVERDALE / KINGSBRIDGE ACADEMY (MIDDLE SCHOOL / HIGH SCHOOL 141),113,438,455,440
181,BRONX ENGINEERING AND TECHNOLOGY ACADEMY,86,373,412,365
182,THEATRE ARTS PRODUCTION COMPANY SCHOOL,59,405,391,394
183,THE MARIE CURIE SCHOOL FOR MEDICINE NURSING AND HEALTH PROFESSIONS,79,382,393,382
184,WEST BRONX ACADEMY FOR THE FUTURE,26,382,406,370
185,KINGSBRIDGE INTERNATIONAL HIGH SCHOOL,52,304,356,302
186,BRONX SCHOOL OF LAW AND FINANCE,54,402,395,385
188,INTERNATIONAL SCHOOL FOR LIBERAL ARTS,49,300,333,301
189,INsTECH ACADEMY (M.S. / HIGH SCHOOL 368),111,390,408,383
190,KNOWLEDGE AND POWER PREPARATORY ACADEMY INTERNATIONAL HIGH SCHOOL (KAPPA),61,392,401,387
191,ENGLISH LANGUAGE LEARNERS AND INTERNATIONAL SUPPORT PREPARATORY ACADEMY (ELLIS),38,343,356,330
192,HIGH SCHOOL FOR TEACHING AND THE PROFESSIONS,57,370,371,365
193,BELMONT PREPARATORY HIGH SCHOOL,51,404,418,400
194,FORDHAM HIGH SCHOOL FOR THE ARTS,48,355,350,372
195,FORDHAM LEADERSHIP ACADEMY FOR BUSINESS AND TECHNOLOGY,63,367,385,367
196,BRONX HIGH SCHOOL FOR LAW AND COMMUNITY SERVICE,65,366,364,352
197,DEWITT CLINTON HIGH SCHOOL,443,419,426,410
198,CELIA CRUZ BRONX HIGH SCHOOL OF MUSIC THE,52,423,420,427
199,BRONX HIGH SCHOOL OF SCIENCE,731,632,688,649
200,JOHN F. KENNEDY HIGH SCHOOL,109,351,362,339
201,MARBLE HILL HIGH SCHOOL FOR INTERNATIONAL STUDIES,99,414,435,414
203,BRONX THEATRE HIGH SCHOOL,68,348,362,354
204,DISCOVERY HIGH SCHOOL,55,372,379,364
205,GRACE DODGE CAREER AND TECHNICAL EDUCATION HIGH SCHOOL,73,362,382,356
206,GRACE DODGE YABC,10,350,356,317
207,HIGH SCHOOL OF AMERICAN STUDIES AT LEHMAN COLLEGE,92,636,648,636
208,BRONX HEALTH SCIENCES HIGH SCHOOL,74,370,381,382
209,BRONX HIGH SCHOOL FOR WRITING AND COMMUNICATION ARTS,46,400,357,390
210,BRONX LAB SCHOOL,81,377,391,367
211,ACADEMY FOR SCHOLARSHIP AND ENTREPRENEURSHIP: A COLLEGE BOARD SCHOOL,56,386,394,361
212,HIGH SCHOOL OF COMPUTERS AND TECHNOLOGY,72,381,376,354
213,COLLEGIATE INSTITUTE FOR MATH AND SCIENCE,97,444,471,433
214,BRONX ACADEMY OF HEALTH CAREERS,69,387,365,383
215,ASTOR COLLEGIATE ACADEMY,60,387,391,391
216,CHRISTOPHER COLUMBUS HIGH SCHOOL,121,367,361,353
218,BRONX HIGH SCHOOL FOR THE VISUAL ARTS,48,419,433,416
219,HARRY S TRUMAN HIGH SCHOOL,189,386,397,368
221,NEW WORLD HIGH SCHOOL,72,332,381,335
222,THE BRONXWOOD PREPARATORY ACADEMY,48,377,372,363
223,GLOBAL ENTERPRISE HIGH SCHOOL,57,372,382,375
224,PELHAM PREPARATORY ACADEMY,76,431,438,419
225,HIGH SCHOOL FOR CONTEMPORARY ARTS,55,383,378,365
226,BRONX AEROSPACE HIGH SCHOOL,46,388,393,382
227,NEW DAY ACADEMY,25,348,344,354
228,METROPOLITAN HIGH SCHOOL THE,49,347,367,341
229,EXPLORATIONS ACADEMY,57,381,381,360
230,PERFORMANCE CONSERVATORY HIGH SCHOOL,30,361,353,360
231,BRONX LATIN,36,408,432,411
232,EAST BRONX ACADEMY FOR THE FUTURE,46,366,378,358
233,PEACE AND DIVERSITY ACADEMY,34,390,401,364
234,PAN AMERICAN INTERNATIONAL HIGH SCHOOL AT MONROE,30,321,351,298
236,ARTURO A. SCHOMBURG SATELLITE ACADEMY BRONX,14,380,372,349
239,BRONX REGIONAL HIGH SCHOOL,16,398,385,398
240,HIGH SCHOOL OF WORLD CULTURES,42,304,323,312
241,FANNIE LOU HAMER FREEDOM HIGH SCHOOL,72,342,346,341
242,WINGS ACADEMY,66,378,374,362
243,MONROE ACADEMY FOR BUSINESS/LAW,31,375,387,376
244,MONROE ACADEMY FOR VISUAL ARTS & DESIGN,43,332,357,349
245,DR. SUSAN S. MCKINNEY SECONDARY SCHOOL OF THE ARTS,29,352,349,373
246,ACADEMY OF BUSINESS AND COMMUNITY DEVELOPMENT,9,439,374,418
247,URBAN ASSEMBLY HIGH SCHOOL OF MUSIC AND ART,52,360,364,356
248,BROOKLYN COMMUNITY HIGH SCHOOL OF COMMUNICATION ARTS AND MEDIA,37,375,355,384
249,SCIENCE SKILLS CENTER HIGH SCHOOL FOR SCIENCE TECHNOLOGY AND THE CREATIVE ARTS,92,399,417,395
250,BROOKLYN TECHNICAL HIGH SCHOOL,1277,587,659,587
251,BROOKLYN INTERNATIONAL HIGH SCHOOL,90,305,364,312
252,THE URBAN ASSEMBLY SCHOOL FOR LAW AND JUSTICE,105,400,417,389
253,ACORN COMMUNITY HIGH SCHOOL,72,384,364,368
254,FREEDOM ACADEMY HIGH SCHOOL,29,400,390,403
256,BROOKLYN ACADEMY HIGH SCHOOL,8,435,383,379
257,BEDFORD STUYVESANT PREPARATORY HIGH SCHOOL,13,398,391,394
258,BEDFORD ACADEMY HIGH SCHOOL,89,438,443,431
259,GEORGE WESTINGHOUSE CAREER AND TECHNICAL EDUCATION HIGH SCHOOL,85,406,391,392
261,BENJAMIN BANNEKER ACADEMY,185,471,472,448
262,CITY POLYTECHNIC HIGH SCHOOL OF ENGINEERING ARCHITECTURE AND TECHNOLOGY,20,441,499,413
263,JUAN MOREL CAMPOS SECONDARY SCHOOL,102,365,361,359
265,ACADEMY FOR YOUNG WRITERS,68,387,357,381
266,BROOKLYN LATIN SCHOOL THE,72,586,584,570
267,GREEN SCHOOL: AN ACADEMY FOR ENVIRONMENTAL CAREERS,41,407,386,396
268,PROGRESS HIGH SCHOOL FOR PROFESSIONAL CAREERS,144,364,379,371
269,SCHOOL FOR LEGAL STUDIES,134,413,396,395
270,THE HIGH SCHOOL FOR ENTERPRISE BUSINESS AND TECHNOLOGY,142,398,421,396
271,BROOKLYN PREPARATORY HIGH SCHOOL,42,367,373,350
272,WILLIAMSBURG HIGH SCHOOL FOR ARCHITECTURE AND DESIGN,72,363,385,364
273,WILLIAMSBURG PREPARATORY SCHOOL,113,397,410,380
274,LYONS COMMUNITY SCHOOL,31,371,377,355
275,AUTOMOTIVE HIGH SCHOOL,94,367,376,350
276,FRANCES PERKINS ACADEMY,12,382,372,368
277,EL PUENTE ACADEMY FOR PEACE AND JUSTICE,28,359,335,341
279,BROOKLYN SCHOOL FOR GLOBAL STUDIES,52,361,367,383
280,BROOKLYN SECONDARY SCHOOL FOR COLLABORATIVE STUDIES,76,393,399,387
281,SECONDARY SCHOOL FOR LAW,59,398,411,394
282,SECONDARY SCHOOL FOR JOURNALISM,58,397,391,381
283,PARK SLOPE COLLEGIATE,72,379,416,380
284,SCHOOL FOR INTERNATIONAL STUDIES,64,405,415,392
285,COBBLE HILL SCHOOL OF AMERICAN STUDIES,77,398,402,385
286,PACIFIC HIGH SCHOOL,9,352,341,300
288,METROPOLITAN CORPORATE ACADEMY HIGH SCHOOL,28,368,365,368
289,BROOKLYN HIGH SCHOOL OF THE ARTS,141,426,421,411
291,SOUTH BROOKLYN COMMUNITY HIGH SCHOOL,8,430,416,425
292,FREDERICK DOUGLASS ACADEMY IV SECONDARY SCHOOL,20,355,355,358
293,BOYS AND GIRLS HIGH SCHOOL,131,365,370,362
294,BROOKLYN HIGH SCHOOL FOR LAW AND TECHNOLOGY,46,362,372,358
295,GOTHAM PROFESSIONAL ARTS ACADEMY,36,370,372,351
297,ACADEMY FOR COLLEGE PREPARATION AND CAREER EXPLORATION: A COLLEGE BOARD SCHOOL,59,396,374,369
298,ACADEMY OF HOSPITALITY AND TOURISM,57,352,342,351
300,W.E.B. DUBOIS ACADEMIC HIGH SCHOOL,7,394,364,334
301,INTERNATIONAL HIGH SCHOOL AT PROSPECT HEIGHTS,71,287,335,291
302,THE HIGH SCHOOL FOR GLOBAL CITIZENSHIP,46,403,385,388
303,SCHOOL FOR HUMAN RIGHTS THE,35,348,381,359
304,SCHOOL FOR DEMOCRACY AND LEADERSHIP,38,377,404,372
305,HIGH SCHOOL FOR YOUTH AND COMMUNITY DEVELOPMENT AT ERASMUS,73,338,349,340
306,HIGH SCHOOL FOR SERVICE & LEARNING AT ERASMUS,61,362,375,368
307,SCIENCE TECHNOLOGY AND RESEARCH EARLY COLLEGE HIGH SCHOOL AT ERASMUS,69,457,462,441
308,INTERNATIONAL ARTS BUSINESS SCHOOL,54,386,391,369
309,HIGH SCHOOL FOR PUBLIC SERVICE: HEROES OF TOMORROW,79,418,441,414
310,BROOKLYN ACADEMY OF SCIENCE AND THE ENVIRONMENT,63,388,382,373
311,BROOKLYN SCHOOL FOR MUSIC & THEATRE,48,385,393,373
312,BROWNSVILLE ACADEMY HIGH SCHOOL,16,372,356,335
313,MEDGAR EVERS COLLEGE PREPARATORY SCHOOL,165,476,481,479
314,CLARA BARTON HIGH SCHOOL,259,425,413,413
315,PAUL ROBESON HIGH SCHOOL,53,365,363,355
317,IT TAKES A VILLAGE ACADEMY,56,313,320,330
318,BROOKLYN GENERATION SCHOOL,29,374,377,394
319,BROOKLYN THEATRE ARTS HIGH SCHOOL,54,383,358,377
320,KURT HAHN EXPEDITIONARY LEARNING SCHOOL,43,368,378,346
321,VICTORY COLLEGIATE HIGH SCHOOL,63,387,377,379
322,BROOKLYN BRIDGE ACADEMY,17,384,362,351
323,ARTS & MEDIA PREPARATORY ACADEMY,48,361,360,359
324,HIGH SCHOOL FOR INNOVATION IN ADVERTISING AND MEDIA,37,404,393,386
325,CULTURAL ACADEMY FOR THE ARTS AND SCIENCES,33,393,395,381
326,HIGH SCHOOL FOR MEDICAL PROFESSIONS,75,386,380,393
327,OLYMPUS ACADEMY,7,400,370,370
328,ACADEMY FOR CONSERVATION AND THE ENVIRONMENT,35,363,381,367
329,URBAN ACTION ACADEMY,40,376,385,374
330,EAST BROOKLYN COMMUNITY HIGH SCHOOL,12,410,403,378
331,EAST NEW YORK FAMILY ACADEMY,54,416,432,394
334,FDNY HIGH SCHOOL FOR FIRE AND LIFE SAFETY,37,341,349,333
335,HIGH SCHOOL FOR CIVIL RIGHTS,47,363,349,342
336,PERFORMING ARTS AND TECHNOLOGY HIGH SCHOOL,61,380,386,383
337,WORLD ACADEMY FOR TOTAL COMMUNITY HEALTH HIGH SCHOOL,68,371,365,370
338,MULTICULTURAL HIGH SCHOOL,29,279,322,286
339,TRANSIT TECH CAREER AND TECHNICAL EDUCATION HIGH SCHOOL,182,395,418,380
340,ACADEMY OF INNOVATIVE TECHNOLOGY,60,371,371,354
341,BROOKLYN LAB SCHOOL,57,360,385,363
342,CYPRESS HILLS COLLEGIATE PREPARATORY SCHOOL,51,376,385,368
343,W. H. MAXWELL CAREER AND TECHNICAL EDUCATION HIGH SCHOOL,74,370,369,363
344,THE SCHOOL FOR CLASSICS: AN ACADEMY OF THINKERS WRITERS AND PERFORMERS,38,383,400,374
345,NEW UTRECHT HIGH SCHOOL,456,402,471,399
346,HIGH SCHOOL OF TELECOMMUNICATION ARTS AND TECHNOLOGY,238,425,474,424
347,FORT HAMILTON HIGH SCHOOL,694,417,478,411
348,FRANKLIN DELANO ROOSEVELT HIGH SCHOOL,385,383,486,375
350,FRANKLIN DELANO ROOSEVELT YABC,18,338,477,316
351,INTERNATIONAL HIGH SCHOOL AT LAFAYETTE,54,326,386,314
352,RACHEL CARSON HIGH SCHOOL FOR COASTAL STUDIES,54,402,427,408
353,HIGH SCHOOL OF SPORTS MANAGEMENT,39,388,398,378
354,ABRAHAM LINCOLN HIGH SCHOOL,475,396,437,393
357,EDWARD R. MURROW HIGH SCHOOL,727,468,496,467
358,JOHN DEWEY HIGH SCHOOL,448,404,468,390
359,LIFE ACADEMY HIGH SCHOOL FOR FILM AND MUSIC,40,384,375,365
360,EXPEDITIONARY LEARNING SCHOOL FOR COMMUNITY LEADERS,40,353,370,356
361,WILLIAM E. GRADY CAREER AND TECHNICAL EDUCATION HIGH SCHOOL,95,394,414,376
362,BROOKLYN STUDIO SECONDARY SCHOOL,119,429,449,435
363,LIBERATION DIPLOMA PLUS,10,411,369,373
364,MIDWOOD HIGH SCHOOL,824,478,519,476
365,JAMES MADISON HIGH SCHOOL,518,436,475,439
366,SHEEPSHEAD BAY HIGH SCHOOL,236,383,392,370
367,LEON M. GOLDSTEIN HIGH SCHOOL FOR THE SCIENCES,259,524,561,542
368,BROOKLYN COLLEGE ACADEMY,131,456,456,440
369,BROOKLYN COLLEGIATE: A COLLEGE BOARD SCHOOL,60,389,409,387
370,FREDERICK DOUGLASS ACADEMY VII HIGH SCHOOL,55,361,371,359
371,BROOKLYN DEMOCRACY ACADEMY,11,349,338,331
372,ASPIRATIONS DIPLOMA PLUS HIGH SCHOOL,7,311,371,311
373,METROPOLITAN DIPLOMA PLUS HIGH SCHOOL,17,350,346,332
374,TEACHERS PREPARATORY HIGH SCHOOL,69,392,416,388
375,ACADEMY OF FINANCE AND ENTERPRISE,89,405,454,421
376,HIGH SCHOOL OF APPLIED COMMUNICATION,39,406,413,400
377,CIVIC LEADERSHIP ACADEMY,69,404,429,407
378,PAN AMERICAN INTERNATIONAL HIGH SCHOOL,55,317,323,311
379,BARD HIGH SCHOOL EARLY COLLEGE II,155,545,568,550
380,NEWTOWN HIGH SCHOOL,320,383,440,380
382,GROVER CLEVELAND HIGH SCHOOL,241,395,420,396
383,MIDDLE COLLEGE HIGH SCHOOL AT LAGUARDIA COMMUNITY COLLEGE,58,399,393,385
384,INTERNATIONAL HIGH SCHOOL AT LAGUARDIA COMMUNITY COLLEGE,69,326,409,329
385,HIGH SCHOOL FOR ARTS AND BUSINESS,138,391,403,380
386,ROBERT F. WAGNER JR. SECONDARY SCHOOL FOR ARTS AND TECHNOLOGY,80,443,447,440
387,QUEENS VOCATIONAL AND TECHNICAL HIGH SCHOOL,155,417,447,406
388,AVIATION CAREER & TECHNICAL EDUCATION HIGH SCHOOL,396,445,496,423
390,QUEENS SCHOOL OF INQUIRY THE,58,455,498,443
391,FLUSHING INTERNATIONAL HIGH SCHOOL,45,314,417,318
392,EASTsWEST SCHOOL OF INTERNATIONAL STUDIES,59,416,463,392
393,WORLD JOURNALISM PREPARATORY: A COLLEGE BOARD SCHOOL,63,471,489,481
394,JOHN BOWNE HIGH SCHOOL,558,397,451,395
395,FLUSHING HIGH SCHOOL,347,393,441,382
396,FLUSHING YABC,9,378,373,344
397,TOWNSEND HARRIS HIGH SCHOOL,278,621,651,638
398,QUEENS ACADEMY HIGH SCHOOL,17,398,382,388
399,ROBERT F. KENNEDY COMMUNITY HIGH SCHOOL,99,431,458,441
400,NORTH QUEENS COMMUNITY HIGH SCHOOL,7,379,421,377
401,BENJAMIN N. CARDOZO HIGH SCHOOL,888,480,545,489
402,FRANCIS LEWIS HIGH SCHOOL,934,468,539,467
403,MARTIN VAN BUREN HIGH SCHOOL,334,391,397,384
404,BAYSIDE HIGH SCHOOL,708,462,523,464
405,QUEENS HIGH SCHOOL OF TEACHING LIBERAL ARTS AND THE SCIENCES,175,425,434,420
406,FREDERICK DOUGLASS ACADEMY VI HIGH SCHOOL,87,387,385,373
407,CHANNEL VIEW SCHOOL FOR RESEARCH,74,432,419,401
408,QUEENS HIGH SCHOOL FOR INFORMATION RESEARCH AND TECHNOLOGY,44,391,401,364
409,ROBERT H. GODDARD HIGH SCHOOL OF COMMUNICATION ARTS AND TECHNOLOGY,93,423,426,416
410,ACADEMY OF MEDICAL TECHNOLOGY: A COLLEGE BOARD SCHOOL,36,367,379,348
411,SCHOLARS' ACADEMY,89,499,537,496
412,AUGUST MARTIN HIGH SCHOOL,101,377,371,360
413,BEACH CHANNEL HIGH SCHOOL,78,384,396,354
414,RICHMOND HILL HIGH SCHOOL,404,382,404,368
415,JOHN ADAMS HIGH SCHOOL,403,391,409,392
416,HIGH SCHOOL FOR CONSTRUCTION TRADES ENGINEERING AND ARCHITECTURE,194,429,491,425
418,QUEENS COLLEGIATE: A COLLEGE BOARD SCHOOL,68,420,445,400
420,QUEENS SATELLITE HIGH SCHOOL FOR OPPORTUNITY,6,403,408,367
421,JAMAICA GATEWAY TO THE SCIENCES,25,430,452,425
422,FOREST HILLS HIGH SCHOOL,762,456,497,454
423,JAMAICA HIGH SCHOOL,90,342,368,353
424,HILLCREST HIGH SCHOOL,462,395,413,386
425,THOMAS A. EDISON CAREER AND TECHNICAL EDUCATION HIGH SCHOOL,422,452,478,442
426,QUEENS GATEWAY TO HEALTH SCIENCES SECONDARY SCHOOL,99,513,523,502
428,QUEENS HIGH SCHOOL FOR THE SCIENCES AT YORK COLLEGE,121,612,660,596
429,HIGH SCHOOL FOR LAW ENFORCEMENT AND PUBLIC SAFETY,74,406,406,384
430,YOUNG WOMEN'S LEADERSHIP SCHOOL QUEENS,68,439,445,432
431,QUEENS PREPARATORY ACADEMY,52,360,380,359
432,PATHWAYS COLLEGE PREPARATORY SCHOOL: A COLLEGE BOARD SCHOOL,46,401,397,375
433,EXCELSIOR PREPARATORY HIGH SCHOOL,49,402,398,402
434,GEORGE WASHINGTON CARVER HIGH SCHOOL FOR THE SCIENCES,59,436,427,424
435,PREPARATORY ACADEMY FOR WRITERS: A COLLEGE BOARD SCHOOL,43,370,367,363
437,MATHEMATICS SCIENCE RESEARCH AND TECHNOLOGY MAGNET HIGH SCHOOL,78,400,426,394
438,LAW GOVERNMENT AND COMMUNITY SERVICE HIGH SCHOOL,52,385,377,377
439,BUSINESS COMPUTER APPLICATIONS & ENTREPRENEURSHIP HIGH SCHOOL,49,379,414,359
440,HUMANITIES & ARTS MAGNET HIGH SCHOOL,62,393,381,377
442,ACADEMY FOR CAREERS IN TELEVISION AND FILM,98,410,440,405
443,WILLIAM CULLEN BRYANT HIGH SCHOOL,395,414,449,412
444,LONG ISLAND CITY HIGH SCHOOL,392,403,420,395
445,FRANK SINATRA SCHOOL OF THE ARTS HIGH SCHOOL,174,504,496,494
446,INFORMATION TECHNOLOGY HIGH SCHOOL,148,407,434,398
447,NEWCOMERS HIGH SCHOOL,143,323,475,329
448,ACADEMY OF AMERICAN STUDIES,135,487,492,491
449,BACCALAUREATE SCHOOL FOR GLOBAL EDUCATION,61,524,568,544
450,CSI HIGH SCHOOL FOR INTERNATIONAL STUDIES,137,452,451,450
451,GAYNOR MCCOWN EXPEDITIONARY LEARNING SCHOOL,61,398,412,385
452,THE MICHAEL J. PETRIDES SCHOOL,107,472,488,466
453,NEW DORP HIGH SCHOOL,391,424,437,416
454,PORT RICHMOND HIGH SCHOOL,271,424,438,417
455,CURTIS HIGH SCHOOL,375,437,435,429
456,TOTTENVILLE HIGH SCHOOL,807,462,486,470
457,SUSAN E. WAGNER HIGH SCHOOL,535,455,474,459
458,CONCORD HIGH SCHOOL,10,466,455,414
459,RALPH R. MCKEE CAREER AND TECHNICAL EDUCATION HIGH SCHOOL,94,416,422,397
460,STATEN ISLAND TECHNICAL HIGH SCHOOL,227,635,682,636
461,YOUNG ADULT BOROUGH CENTER AT STATEN IS TECH HS,10,405,375,370
462,ACADEMY FOR ENVIRONMENTAL LEADERSHIP,50,380,366,352
463,EBC HIGH SCHOOL FOR PUBLIC SERVICE–BUSHWICK,88,384,409,361
464,BUSHWICK SCHOOL FOR SOCIAL JUSTICE,75,348,353,334
465,ACADEMY OF URBAN PLANNING,67,342,364,354
466,ALL CITY LEADERSHIP SECONDARY SCHOOL,39,428,465,422
467,BUSHWICK LEADERS HIGH SCHOOL FOR ACADEMIC EXCELLENCE,23,347,358,350
468,BUSHWICK COMMUNITY HIGH SCHOOL,24,359,317,358
472,P.S. Q811,32,429,444,433
477,GED PLUS s CITYWIDE,8,496,400,426
478,PHOENIX ACADEMY,9,367,370,360
