id,hourOfStop,carYear,carMake,carModel,carColor,gender,city,licenseState
1,17.8,2005,MERCURY,SUV,RED,F,HILTON HEAD,SC
2,17.8,2005,MERCURY,SUV,RED,F,HILTON HEAD,SC
3,15.11666667,2012,FORD,TK,WHITE,M,BETHESDA,MD
4,14.95,2001,FORD,TK,RED,M,ROCKVILLE,MD
5,22.25,2006,KIA,OPTIMA,RED,M,ROCKVILLE,MD
6,21.26666667,2013,NISSAN,SENTRA,BLACK,M,MENTOR,OH
7,15.2,2009,HONDA,CIVIC,SILVER,F,ROCKVILLE,MD
8,16.01666667,2007,HONDA,CIVIC,WHITE,F,GERMANTOWN,CA
9,22.28333333,2005,TOYOTA,COROLLA,SILVER,M,MONTGOMERY VILLAGE,MD
10,23.23333333,1999,TOYOTA,CAMRY,TAN,M,MONTGOMERY VILLAGE,MD
11,23.48333333,2005,TOYT,SIENNA,SILVER,M,GERMANTOWN,MD
12,22.15,2007,HYUNDAI,SANTA FE,BLACK,M,TACOMA,WA
13,22.15,2007,HYUNDAI,SANTA FE,BLACK,M,TACOMA,WA
14,2.466666667,2013,CHEV,2S,SILVER,M,ROCKVILLE,MD
15,22.88333333,2016,KIA,4DR,GRAY,M,LIBERTYTOWN,MD
16,16.28333333,2004,ACURA,TSX,GRAY,M,HYATTSVILLE,MD
17,16.28333333,2004,ACURA,TSX,GRAY,M,HYATTSVILLE,MD
18,18.86666667,2004,LEXUS,RX330 SUV,BLACK,F,SILVER SPRING,MD
19,18.86666667,2004,LEXUS,RX330 SUV,BLACK,F,SILVER SPRING,MD
20,18.86666667,2004,LEXUS,RX330 SUV,BLACK,F,SILVER SPRING,MD
21,14.96666667,2005,ACURA,TSX,SILVER,M,LAUREL,MD
22,14.96666667,2005,ACURA,TSX,SILVER,M,LAUREL,MD
23,14.96666667,2005,ACURA,TSX,SILVER,M,LAUREL,MD
24,18.88333333,2007,CHEVROLET,AVALANCHE,WHITE,M,LOS ANGELES,CA
25,18.88333333,2007,CHEVROLET,AVALANCHE,WHITE,M,LOS ANGELES,CA
26,18.88333333,2007,CHEVROLET,AVALANCHE,WHITE,M,LOS ANGELES,CA
27,18.88333333,2007,CHEVROLET,AVALANCHE,WHITE,M,LOS ANGELES,CA
28,13,2003,GMC,TK,BLUE,M,HIBBING,MN
29,13.48333333,2003,FORD,CROWN VICTORIA,RED,M,GERMANTOWN,MD
30,14.6,2000,NISSAN,SENTRA,BLACK,M,GERMANTOWN,XX
31,19.48333333,2002,ACURA,3.2 TL,BLUE DARK,F,GAITHERSBURG,TN
32,19.48333333,2002,ACURA,3.2 TL,BLUE DARK,F,GAITHERSBURG,TN
33,20.11666667,2014,VOLKSWAGEN,JETTA,BLACK,M,HYATTSVILLE,MD
34,22.33333333,2008,TOYOTA,COROLLA,BLUE DARK,M,SILVER SPRING,MD
35,22.43333333,2011,CHEVROLET,MALIBU,BLACK,F,SILVER SPRING,MD
36,22.43333333,2011,CHEVROLET,MALIBU,BLACK,F,SILVER SPRING,MD
37,23.23333333,2010,HONDA,ACCORD,GRAY,M,UPPER MARLBORO,DC
38,19.08333333,2009,HYUN,TK,WHITE,M,GAITHERSBURG,MD
39,19.21666667,2010,AUDI,A5,BLACK,M,ARLINGTON,VA
40,20.35,2010,LEXUS,GX460,BLACK,F,GREAT FALLS,VA
41,19.83333333,2006,TOYT,PRIUS,BLUE,F,GAITHERSBURG,MD
42,19.83333333,2006,TOYT,PRIUS,BLUE,F,GAITHERSBURG,MD
43,19.83333333,2006,TOYT,PRIUS,BLUE,F,GAITHERSBURG,MD
44,23.21666667,2000,TOYT,4S,TAN,F,FORT BRAGG,NC
45,23.81666667,2009,CHEVY,VAN,WHITE,M,GERMANTOWN,MD
46,23.81666667,2009,CHEVY,VAN,WHITE,M,GERMANTOWN,MD
47,23.9,2004,PORSCHE,CAYENNE,WHITE,F,GAITHERSBURG,MD
48,12.31666667,1999,TOYT,TK,SILVER,M,ROCKVILLE,MD
49,16.1,1995,CHEV,VN,MAROON,M,SILVER SPRING,MD
50,22.75,2000,TOYOTA,COROLLA,BEIGE,M,WASHINGTON,DC
51,21.75,2009,DODGE,CHARGER,BLUE,M,NEW CARROLLTON,MD
52,21.96666667,2010,LINCOLN,SUV,BLACK,M,SILVER SPRING,MD
53,22.18333333,2006,HONDA,ACCORD,GRAY,M,SILVER SPRING,MD
54,22.18333333,2006,HONDA,ACCORD,GRAY,M,SILVER SPRING,MD
55,22.38333333,1997,JEEP,SUV,WHITE,M,CHEVY CHASE,MD
56,20.06666667,2000,FORD,EXPLORER,BLACK,M,PHILADELPHIA,PA
57,21.26666667,2013,NISSAN,SENTRA,BLACK,M,MENTOR,OH
58,20.93333333,2006,TOYOTA,SCION,BLACK,M,ROCKVILLE,MD
59,21.08333333,1998,MERCEDES,TK,BLACK,F,SILVER SPRING,WA
60,21.08333333,1998,MERCEDES,TK,BLACK,F,SILVER SPRING,WA
61,22.05,2001,KIA,SPECTRA,SILVER,M,OXON HILL,MD
62,22.2,2003,JAGUAR,4S,BLACK,M,COLUMBIA,MD
63,22.2,2003,JAGUAR,4S,BLACK,M,COLUMBIA,MD
64,23.33333333,2015,CHRYSLER,200,BLACK,M,WASHINGTON,DC
65,22.3,2008,ACURA,TSX,BLACK,F,SILVER SPRING,MD
66,22.96666667,2009,HONDA,ACCORD,BLUE DARK,M,SILVER SPRING,MD
67,23.06666667,2011,MAZDA,3,WHITE,F,WASHINGTON,DC
68,23.36666667,2010,NISSAN,ALTIMA,GRAY,M,DUMFRIES,VA
69,22.45,2007,LEXUS,IS250,SILVER,F,SILVER SPRING,MD
70,23.16666667,2010,CHEV,MALIBU,SILVER,M,WASHINGTON,DC
71,19.95,2006,TOYOTA,COROLLA,BLACK,F,CLARKSBURG,MD
72,0,1995,VOLV,4S,RED,M,GERMANTOWN,MD
73,22.85,2004,HONDA,CIVIC,SILVER,M,WASHINGTON,DC
74,23.18333333,2011,MERCEDES,E300,GRAY,M,WASHINGTON,DC
75,23.18333333,2011,MERCEDES,E300,GRAY,M,WASHINGTON,DC
76,21.6,2006,TOYT,4S,SILVER,M,ROCKVILLE,MD
77,14.61666667,2012,MERZ,E350,WHITE,F,MONTGOMERY VILLAGE,MD
78,14.8,1995,TOYT,CAMRY,BLUE,M,GAITHERSBURG,MD
79,15.36666667,2005,CHRYSLER,300,SILVER,M,GERMANTOWN,MD
80,16.41666667,2003,LNDR,TK,SILVER,M,MONTGOMERY VILLAGE,MD
81,20.25,2002,KIA,SEDONA,BLUE,F,GAITHERSBURG,MD
82,0.883333333,2009,TOYOTA,CAMRY,GOLD,M,MURFREESBORO,TN
83,22.68333333,2005,MITS,4S,BLUE,M,SILVER SPRING,MD
84,15.11666667,2012,FORD,TK,WHITE,M,BETHESDA,MD
85,22.68333333,2005,MITS,4S,BLUE,M,SILVER SPRING,MD
86,23.78333333,2006,CHEV,IMPALA,SILVER,F,GERMANTOWN,MD
87,22.16666667,1987,NISS,Z,RED,F,SILVER SPRING,MD
88,4.316666667,2009,CHEV,EXPRESS VAN,WHITE,M,DAMASCUS,MD
89,23.41666667,2008,SCIO,2H,BLACK,F,SILVER SPRING,MD
90,16.6,2013,ACURA,MDX,RED,M,BETHESDA,MD
91,16.48333333,2002,TOYT,HIGHLANDER,SILVER,M,GAITHERSBURG,MD
92,21.73333333,2009,NISSAN,SENTRA,GRAY,M,SILVER SPRING,MD
93,18.9,2016,DODGE,JOURNEY,SILVER,M,PARKER,CO
94,19.03333333,2012,FIAT,5PP,WHITE,F,FAIRFAX,VA
95,18.95,2011,FORD,FOCUS,SILVER,F,BURTONSVILLE,IL
96,19.21666667,1996,MAZDA,PROTEGE,WHITE,M,GAITHERSBURG,MD
97,19.21666667,1996,MAZDA,PROTEGE,WHITE,M,GAITHERSBURG,MD
98,2.25,2015,TOYOTA,COROLLA,GREEN,M,SILVER SPRING,MD
99,23.46666667,2014,TOYOTA,4S,BLUE,M,SILVER SPRING,MD
100,23.46666667,2014,TOYOTA,4S,BLUE,M,SILVER SPRING,MD
101,20.3,2005,ACUR,2H,SILVER,F,SILVER SPRING,MD
102,20.3,2005,ACUR,2H,SILVER,F,SILVER SPRING,MD
103,21.16666667,2000,ACUR,3.2TL,SILVER,M,SILVER SPRING,MD
104,20.51666667,1999,NISS,PATHFINDER,BLACK,F,HYATTSVILLE,MD
105,23.08333333,2012,LINCOLN,MKZ,WHITE,M,SILVER SPRING,DC
106,23.08333333,2012,LINCOLN,MKZ,WHITE,M,SILVER SPRING,DC
107,23.08333333,2012,LINCOLN,MKZ,WHITE,M,SILVER SPRING,DC
108,0,2000,HYUN,SONOTA,SILVER,M,HYATTSVILLE,MD
109,0,2000,HYUN,SONOTA,SILVER,M,HYATTSVILLE,MD
110,17.16666667,2008,NISSIAN,SENTRA,BLUE DARK,M,SILVER SPRING,MD
111,0.216666667,2004,TOYOTA,COROLLA,SILVER,F,OLNEY,MD
112,0.216666667,2004,TOYOTA,COROLLA,SILVER,F,OLNEY,MD
113,1,2005,HONDA,ELEMENT,SILVER,M,LYNNWOOD,WA
114,1,2005,HONDA,ELEMENT,SILVER,M,LYNNWOOD,WA
115,1.216666667,2005,HOND,CIVIC,SILVER,M,SILVER SPRING,MD
116,1.216666667,2005,HOND,CIVIC,SILVER,M,SILVER SPRING,MD
117,1.733333333,2007,TOYOTA,COROLLA,SILVER,F,SILVER SPRING,MD
118,1.733333333,2007,TOYOTA,COROLLA,SILVER,F,SILVER SPRING,MD
119,1.733333333,2007,TOYOTA,COROLLA,SILVER,F,SILVER SPRING,MD
120,1.95,2007,CADILLAC,CTS,BLUE,M,TAKOMA PARK,MD
121,1.95,2007,CADILLAC,CTS,BLUE,M,TAKOMA PARK,MD
122,1.95,2007,CADILLAC,CTS,BLUE,M,TAKOMA PARK,MD
123,2.333333333,2007,ACURA,TSX,SILVER,F,SILVER SPRING,MD
124,2.333333333,2007,ACURA,TSX,SILVER,F,SILVER SPRING,MD
125,2.583333333,2013,TOYOTA,VENZA,GRAY,M,COLUMBIA,MD
126,1.466666667,2011,TOYOTA,CAMERY,TAN,M,ROCKVILLE,MD
127,19.43333333,2004,CHEV,TK,GRAY,M,ROCKVILLE,MD
128,1.383333333,2015,TOYT,4S,BLACK,M,SILVER SPRING,MD
129,1.383333333,2015,TOYT,4S,BLACK,M,SILVER SPRING,MD
130,2.916666667,2010,CHEV,TK,GRAY,M,SILVER SPRING,MD
131,4.666666667,2014,LEXUS,RX350,SILVER,F,COLUMBIA,MD
132,19.43333333,2004,CHEV,TK,GRAY,M,ROCKVILLE,MD
133,19.61666667,2015,HYUNDAI,SONATA,BLUE,F,WASHINGTON,DC
134,19.61666667,2015,HYUNDAI,SONATA,BLUE,F,WASHINGTON,DC
135,2.45,1998,FORD,EXPLOER,GREEN,M,SILVER SPRING,MD
136,2.45,1998,FORD,EXPLOER,GREEN,M,SILVER SPRING,MD
137,3.5,2006,MITS,4D,SILVER,M,GAITHERSBURG,MD
138,3.5,2006,MITS,4D,SILVER,M,GAITHERSBURG,MD
139,19.41666667,2004,NISS,TK,GRAY,F,GAITHERSBURG,MD
140,19.41666667,2004,NISS,TK,GRAY,F,GAITHERSBURG,MD
141,0.466666667,2007,NISSAN,VERSA,GRAY,M,SILVER SPRING,MD
142,0.683333333,2012,FORD,2H,BLUE,M,SILVER SPRING,MD
143,1.3,2014,TOYOTA,CAMRY,GRAY,F,SILVER SPRING,MD
144,1.3,2014,TOYOTA,CAMRY,GRAY,F,SILVER SPRING,MD
145,4.183333333,2016,HONDA,ACCORD,GOLD,M,WASHINGTON,DC
146,19.38333333,2001,TOYOTA,4S,BEIGE,F,SILVER SPRING,MD
147,19.63333333,2001,HONDA,CIVIC,SILVER,M,SILVER SPRING,MD
148,20.33333333,1998,TOYT,4S,BEIGE,M,SILVER SPRING,MD
149,20.58333333,2007,TOYT,TK,WHITE,F,ROCKVILLE,MD
150,20.58333333,2007,TOYT,TK,WHITE,F,ROCKVILLE,MD
151,21.71666667,2010,CADI,4S,SILVER,F,SILVER SPRING,MD
152,1.533333333,2015,NISSAN,VN,SILVER,M,SILVER SPRING,MD
153,1.533333333,2015,NISSAN,VN,SILVER,M,SILVER SPRING,MD
154,22.63333333,2001,CHEV,SILVERADO,GREEN,M,SILVER SPRING,MD
155,7.916666667,2001,BMW,530I,GREEN DK,M,SILVER SPRING,MD
156,7.916666667,2001,BMW,530I,GREEN DK,M,SILVER SPRING,MD
157,13.58333333,1995,JEEP,CHEROKEE,PURPLE,M,SILVER SPRING,MD
158,15.23333333,2008,MITSUBISHI,LANCER,GRAY,M,BALTIMORE,MD
159,15.23333333,2008,MITSUBISHI,LANCER,GRAY,M,BALTIMORE,MD
160,15.23333333,2008,MITSUBISHI,LANCER,GRAY,M,BALTIMORE,MD
161,10.86666667,2004,NISS,4S,BEIGE,M,GAITHERSBURG,MD
162,20.51666667,1999,NISS,PATHFINDER,BLACK,F,HYATTSVILLE,MD
163,20.51666667,1999,NISS,PATHFINDER,BLACK,F,HYATTSVILLE,MD
164,23.68333333,2011,HONDA,ACC 4D,SILVER,M,GAITHERSBURG,MD
165,22.1,2002,TOYT,CAM LE 4D,SILVER,M,CLARKSBURG,MD
166,12.31666667,1999,TOYT,TK,SILVER,M,ROCKVILLE,MD
167,14.5,2005,TOYOTA,CAMRY,BLACK,F,GERMANTOWN,MD
168,12.93333333,2010,CHEV,CP,WHITE,M,NORTH POTOMAC,MD
169,18.95,2008,TOYT,HIGHLANDER,BLACK,M,ROCKVILLE,MD
170,0.3,2004,FORD,E350,BLUE,M,BALTIMORE,MD
171,12.4,2004,CHEV,EXPRESS,WHITE,M,HYATTSVILLE,MD
172,14.33333333,2000,AUDI,A4,SILVER,M,SILVER SPRING,MD
173,10.86666667,2004,NISS,4S,BEIGE,M,GAITHERSBURG,MD
174,14.33333333,2000,AUDI,A4,SILVER,M,SILVER SPRING,MD
175,20.1,2012,TOYOT,CAMRY,RED,M,GERMANTOWN,MD
176,20.1,2012,TOYOT,CAMRY,RED,M,GERMANTOWN,MD
177,7.916666667,2008,FORD,ESCAPE,BLACK,M,SILVER SPRING,MD
178,10.86666667,2004,NISS,4S,BEIGE,M,GAITHERSBURG,MD
179,19.16666667,2007,VW,4D,YELLOW,M,MCLEAN,VA
180,20.16666667,2010,FORD,VAN,WHITE,M,SILVER SPRING,MD
181,12.1,2002,NISS,ALTIMA,SILVER,M,GAITHERSBURG,MD
182,12.1,2002,NISS,ALTIMA,SILVER,M,GAITHERSBURG,MD
183,11.85,2009,TOYOTA,TACOMA,BLUE,M,OLNEY,MD
184,6.633333333,2014,TOYOTA,COROLLA,BLACK,M,GAITHERSBURG,MD
185,15.96666667,2000,NISS,TK,WHITE,F,GAITHERSBURG,MD
186,19.35,2010,MAZDA,4D,SILVER,M,CHEVY CHASE,MD
187,12.4,2006,CHEV,MALIBU,SILVER,F,GAITHERSBURG,MD
188,12.4,2006,CHEV,MALIBU,SILVER,F,GAITHERSBURG,MD
189,19.11666667,2011,MERCEDES,GL450,WHITE,F,OLNEY,MD
190,14.91666667,1996,JEEP,CHER,GOLD,F,POTOMAC,MD
191,19.35,2010,MAZDA,4D,SILVER,M,CHEVY CHASE,MD
192,16.46666667,2000,FORD,WINDSTAR,WHITE,M,SILVER SPRNIG,MD
193,14.68333333,2016,ACURA,SUV,MAROON,M,FAIRFAX,VA
194,6.816666667,2004,LEXS,4S,BLACK,F,SILVER SPRING,MD
195,1.166666667,2008,NISSAN,ALTIMA,SILVER,M,PEORIA,AZ
196,1.166666667,2008,NISSAN,ALTIMA,SILVER,M,PEORIA,AZ
197,12.55,2009,TOYOTA,CAMRY,GRAY,F,GERMANTOWN,MD
198,12.55,2009,TOYOTA,CAMRY,GRAY,F,GERMANTOWN,MD
199,20.7,1999,HONDA,CIVIC,SILVER,M,HYATTSVILLE,MD
200,15.45,2009,JEEP,4X4,SILVER,M,OLNEY,MD
201,23.78333333,2015,HONDA,CIVIC,GRAY,M,NORTH POTOMAC,MD
202,22.46666667,2014,KIA,SORENTO,GRAY,F,POTOMAC,MD
203,21.98333333,2015,CRYSLER,200,WHITE,F,BETHESDA,MD
204,0.733333333,2011,HOND,4S,BLUE,F,GAITHERSBURG,MD
205,21.98333333,2015,CRYSLER,200,WHITE,F,BETHESDA,MD
206,0.9,2003,BMW,2D,BLACK,M,GERMANTOWN,MD
207,2.25,2013,TOYOTA,TACOMA,WHITE,M,KENSINGTON,MD
208,1.166666667,0,BIKE,BIKE,GRAY,M,KENSINGTON,MD
209,23.76666667,2012,HONDA,CIVIC,SILVER,M,GAITHERSBURG,MD
210,17.16666667,2008,NISSIAN,SENTRA,BLUE DARK,M,SILVER SPRING,MD
211,17.16666667,2008,NISSIAN,SENTRA,BLUE DARK,M,SILVER SPRING,MD
212,3.583333333,2012,HOND,4S,RED,M,SILVER SPRING,MD
213,3.4,2009,BMW,CN,SILVER,M,ELLICOTT CITY,DC
214,23.3,2000,JAGUAR,XTYPE,GREEN,M,DAMASCUS,MD
215,22.16666667,2009,FORD,FOCUS,WHITE,F,GAITHERSBURG,MD
216,5.4,2005,TOYOTA,CAMRY,WHITE,F,MONTGOMERY VILLAGE,MD
217,3.2,2014,NISSAN,VERSA,GRAY,F,MONTGOMERY VILLAGE,MD
218,1.25,2012,NISS,EL,RED,M,GAITHERSBURG,MD
219,0.85,2013,AUDI,A4,BLACK,F,GERMANTOWN,MD
220,19.3,2011,HONDA,TK,SILVER,M,ROCKVILLE,MD
221,19.16666667,2006,HONDA,CRV,GRAY,M,FREDERICK,MD
222,19.16666667,2006,HONDA,CRV,GRAY,M,FREDERICK,MD
223,7.3,2011,NISS,MAXIMA,SILVER,F,BOWIE,MD
224,7.3,2011,NISS,MAXIMA,SILVER,F,BOWIE,MD
225,7,2010,DODG,AVENGER,SILVER,F,SILVER SPRING,XX
226,6.783333333,2000,MITS,ECLIPSE,WHITE,M,SILVER SPRING,MD
227,23.25,2001,HONDA,CIVIC,GRAY,F,SILVER SPRING,MD
228,2.716666667,2005,TOYOTA,CAMRY,BLUE,M,GAITHERSBURG,MD
229,1.616666667,2004,NISSAN,3ZC,ORANGE,M,LUTHERVILLE,MD
230,2.433333333,2008,TOYOTA,PRIUS,BLUE,F,GERMANTOWN,MD
231,22.5,2002,NISS,ALTIMA,WHITE,M,SILVER SPRING,MD
232,22.5,2002,NISS,ALTIMA,WHITE,M,SILVER SPRING,MD
233,21.58333333,2008,TOYOTA,4D,BLUE,F,SILVER SPRING,MD
234,20.06666667,2004,LEXIS,350,SILVER,M,ROCKVILLE,MD
235,13.85,2003,HONDA,PILOT,BLUE,M,SILVER SPRING,MD
236,13.85,2003,HONDA,PILOT,BLUE,M,SILVER SPRING,MD
237,13.41666667,2004,HYUNDAI,ELANTRA,BLACK,M,SILVER SPRING,MD
238,13.16666667,1998,HONDA,ACCORD,SILVER,M,SILVER SPRING,MD
239,3.4,2005,LINCOLN,4S,BLACK,M,MACON,GA
240,0.316666667,2006,TOYT,TK,BLACK,F,HANOVER,MD
241,22.16666667,2016,CHEVROLET,CRUZE,GRAY,M,MCDONOUGH,GA
242,3.283333333,2003,JEEP,4X4,GRAY,M,HYATTSVILLE,NC
243,3.283333333,2003,JEEP,4X4,GRAY,M,HYATTSVILLE,NC
244,2.766666667,2009,KIA,SPECTRA,WHITE,M,SILVER SPRING,MD
245,2.766666667,2009,KIA,SPECTRA,WHITE,M,SILVER SPRING,MD
246,4.666666667,2014,LEXUS,RX350,SILVER,F,COLUMBIA,MD
247,23.01666667,2008,SCION,XD,SILVER,F,SILVER SPRING,MD
248,23.01666667,2008,SCION,XD,SILVER,F,SILVER SPRING,MD
249,0.983333333,1991,TOYOTA,2D,BLACK,M,SILVER SPRING,MD
250,0.983333333,1991,TOYOTA,2D,BLACK,M,SILVER SPRING,MD
251,0.983333333,1991,TOYOTA,2D,BLACK,M,SILVER SPRING,MD
252,4.316666667,2009,CHEV,EXPRESS VAN,WHITE,M,DAMASCUS,MD
253,0.883333333,2009,TOYOTA,CAMRY,GOLD,M,MURFREESBORO,TN
254,1.533333333,2016,VOLKSWAGEN,GOLF,BLUE,M,GAITHERSBURG,MD
255,1.533333333,2016,VOLKSWAGEN,GOLF,BLUE,M,GAITHERSBURG,MD
256,1.533333333,2016,VOLKSWAGEN,GOLF,BLUE,M,GAITHERSBURG,MD
257,1.716666667,2006,INFI,G35,SILVER,M,GAITHERSBURG,MD
258,16.66666667,2006,NISS,XTERRA,WHITE,M,ROCKVILLE,MD
259,1.533333333,2016,VOLKSWAGEN,GOLF,BLUE,M,GAITHERSBURG,MD
260,1.533333333,2016,VOLKSWAGEN,GOLF,BLUE,M,GAITHERSBURG,MD
261,11.33333333,2009,VOLKSWAGON,JETTA 2.5,SILVER,M,HYATTSVILLE,MD
262,11.33333333,2009,VOLKSWAGON,JETTA 2.5,SILVER,M,HYATTSVILLE,MD
263,11.33333333,2009,VOLKSWAGON,JETTA 2.5,SILVER,M,HYATTSVILLE,MD
264,11.33333333,2009,VOLKSWAGON,JETTA 2.5,SILVER,M,HYATTSVILLE,MD
265,20.06666667,2000,FORD,EXPLORER,BLACK,M,PHILADELPHIA,PA
266,20.06666667,2000,FORD,EXPLORER,BLACK,M,PHILADELPHIA,PA
267,20.06666667,2000,FORD,EXPLORER,BLACK,M,PHILADELPHIA,PA
268,20.06666667,2000,FORD,EXPLORER,BLACK,M,PHILADELPHIA,PA
269,23.83333333,2013,MERCEDES,E350,BLACK,F,OXON HILL,MD
270,1.533333333,2016,VOLKSWAGEN,GOLF,BLUE,M,GAITHERSBURG,MD
271,1.533333333,2016,VOLKSWAGEN,GOLF,BLUE,M,GAITHERSBURG,MD
272,1.533333333,2016,VOLKSWAGEN,GOLF,BLUE,M,GAITHERSBURG,MD
273,23.83333333,2013,MERCEDES,E350,BLACK,F,OXON HILL,MD
274,23.83333333,2013,MERCEDES,E350,BLACK,F,OXON HILL,MD
275,21.26666667,2012,TOYOTA,RAV4,BLACK,F,SILVER SPRING,MD
276,20.56666667,2014,HYUN,ELANTRA,SILVER,F,JOPPA,MD
277,15.71666667,2016,HOND,TK,WHITE,M,GAITHERSBURG,MD
278,15.38333333,2001,FORD,ESCAPE,WHITE,F,GERMANTOWN,MD
279,15.13333333,2015,ACURA,MDX,WHITE,F,NORTH POTOMAC,MD
280,22.55,2008,VOLK,4S,BLACK,M,BETHESDA,MD
281,20.56666667,2014,HYUN,ELANTRA,SILVER,F,JOPPA,MD
282,23.93333333,1996,TOYOTA,COROLLA,RED,M,SILVER SPRING,MD
283,14.93333333,2004,TOYT,4S,MAROON,F,GERMANTOWN,MD
284,14.93333333,2004,TOYT,4S,MAROON,F,GERMANTOWN,MD
285,14.58333333,2004,FORD,EXPLORER,SILVER,F,LAUREL,VA
286,14.48333333,2004,FORD,EXPLORER,GRAY,F,LAUREL,VA
287,14.2,2004,TOYT,TK,BLACK,F,GAITHERSBURG,MD
288,8.7,2002,DODG,VN,WHITE,M,GERMANTOWN,MD
289,8.783333333,2006,NISS,4S,GOLD,M,SILVER SPRING,MD
290,13.93333333,2013,TOYOTA,COROLLA,GOLD,M,CLARKSBURG,MD
291,7.8,2008,ACUR,4S,GRAY,F,SILVER SPRING,MD
292,16.33333333,2012,SCION,TC,BLUE DARK,M,ROCKVILLE,MD
293,16.33333333,2012,SCION,TC,BLUE DARK,M,ROCKVILLE,MD
294,16.33333333,2012,SCION,TC,BLUE DARK,M,ROCKVILLE,MD
295,16.33333333,2012,SCION,TC,BLUE DARK,M,ROCKVILLE,MD
296,16.33333333,2012,SCION,TC,BLUE DARK,M,ROCKVILLE,MD
297,5.6,2005,CHEVROLET,TRUCK,BLACK,M,GAITHERSBURG,MD
298,5.6,2005,CHEVROLET,TRUCK,BLACK,M,GAITHERSBURG,MD
299,5.6,2005,CHEVROLET,TRUCK,BLACK,M,GAITHERSBURG,MD
300,5.6,2005,CHEVROLET,TRUCK,BLACK,M,GAITHERSBURG,MD
301,9.466666667,1998,DODG,TK,BLUE,M,MOUNT AIRY,MD
302,9.466666667,1998,DODG,TK,BLUE,M,MOUNT AIRY,MD
303,1.283333333,1999,HOND,4S,BLACK,F,BURTONSVILLE,MD
304,1.283333333,1999,HOND,4S,BLACK,F,BURTONSVILLE,MD
305,5.6,2005,CHEVROLET,TRUCK,BLACK,M,GAITHERSBURG,MD
306,5.6,2005,CHEVROLET,TRUCK,BLACK,M,GAITHERSBURG,MD
307,3.283333333,2005,CHEVROLET,TRUCK,BLACK,M,GAITHERSBURG,MD
308,3.283333333,2005,CHEVROLET,TRUCK,BLACK,M,GAITHERSBURG,MD
309,1.283333333,1999,HOND,4S,BLACK,F,BURTONSVILLE,MD
310,1.283333333,1999,HOND,4S,BLACK,F,BURTONSVILLE,MD
311,1.283333333,1999,HOND,4S,BLACK,F,BURTONSVILLE,MD
312,3.283333333,2005,CHEVROLET,TRUCK,BLACK,M,GAITHERSBURG,MD
313,23.08333333,2012,LINCOLN,MKZ,WHITE,M,SILVER SPRING,DC
314,23.08333333,2012,LINCOLN,MKZ,WHITE,M,SILVER SPRING,DC
315,23.08333333,2012,LINCOLN,MKZ,WHITE,M,SILVER SPRING,DC
316,23.08333333,2012,LINCOLN,MKZ,WHITE,M,SILVER SPRING,DC
317,15.91666667,2011,MITS,TK,BLACK,F,SILVER SPRING,MD
318,15.91666667,2011,MITS,TK,BLACK,F,SILVER SPRING,MD
319,15.45,2009,JEEP,4X4,SILVER,M,OLNEY,MD
320,1.033333333,2004,HONDA,ACCORD,WHITE,F,BURTONSVILLE,MD
321,1.033333333,2004,HONDA,ACCORD,WHITE,F,BURTONSVILLE,MD
322,1.033333333,2004,HONDA,ACCORD,WHITE,F,BURTONSVILLE,MD
323,1.033333333,2004,HONDA,ACCORD,WHITE,F,BURTONSVILLE,MD
324,1.033333333,2004,HONDA,ACCORD,WHITE,F,BURTONSVILLE,MD
325,1.033333333,2004,HONDA,ACCORD,WHITE,F,BURTONSVILLE,MD
326,1.033333333,2004,HONDA,ACCORD,WHITE,F,BURTONSVILLE,MD
327,1.033333333,2004,HONDA,ACCORD,WHITE,F,BURTONSVILLE,MD
328,1.033333333,2004,HONDA,ACCORD,WHITE,F,BURTONSVILLE,MD
329,1.716666667,2006,INFI,G35,SILVER,M,GAITHERSBURG,MD
330,16.66666667,2006,NISS,XTERRA,WHITE,M,ROCKVILLE,MD
331,1.716666667,2006,INFI,G35,SILVER,M,GAITHERSBURG,MD
332,16.66666667,2006,NISS,XTERRA,WHITE,M,ROCKVILLE,MD
333,7.066666667,2002,BMW,325XI,SILVER,F,BETHESDA,MD
334,10.43333333,0,NONE,NONE,N/A,M,SILVER SPRING,MD
335,18.51666667,2007,HOND,TK,MAROON,M,DERWOOD,MD
336,2.666666667,2012,INFINITI,4S,GRAY,M,GERMANTOWN,MD
337,18.51666667,2007,HOND,TK,MAROON,M,DERWOOD,MD
338,1.716666667,2006,INFI,G35,SILVER,M,GAITHERSBURG,MD
339,2.666666667,2012,INFINITI,4S,GRAY,M,GERMANTOWN,MD
340,2.666666667,2012,INFINITI,4S,GRAY,M,GERMANTOWN,MD
341,2.666666667,2012,INFINITI,4S,GRAY,M,GERMANTOWN,MD
342,11.86666667,2010,CHEV,MALIBU,GOLD,F,WOODSBORO,MD
343,7,2010,DODG,AVENGER,SILVER,F,SILVER SPRING,XX
344,7,2010,DODG,AVENGER,SILVER,F,SILVER SPRING,XX
345,11.25,1999,TOYOTA,AVALON,BLUE,F,GERMANTOWN,MD
346,11.25,1999,TOYOTA,AVALON,BLUE,F,GERMANTOWN,MD
347,23.35,2011,CHEVROLET,SUBURBAN,WHITE,M,BETHESDA,MD
348,22.81666667,2008,MERCEDES,ML 350,SILVER,F,BETHESDA,MD
349,21.75,2003,HONDA,ODYSSEY,GRAY,M,ROCKVILLE,MD
350,10.86666667,2002,LEXUS,RX300,GRAY,F,BOWIE,MD
351,8.083333333,2009,HONDA,CIVIC,BLACK,F,WASHINGTON,DC
352,10.86666667,2004,NISS,4S,BEIGE,M,GAITHERSBURG,MD
353,10.86666667,2004,NISS,4S,BEIGE,M,GAITHERSBURG,MD
354,10.86666667,2004,NISS,4S,BEIGE,M,GAITHERSBURG,MD
355,20.7,1999,HONDA,CIVIC,SILVER,M,HYATTSVILLE,MD
356,16.66666667,2006,NISS,XTERRA,WHITE,M,ROCKVILLE,MD
357,7.783333333,2001,HYUNDAI,ACCENT,RED,M,SILVER SPRING,KS
358,20.7,1999,HONDA,CIVIC,SILVER,M,HYATTSVILLE,MD
359,20.7,1999,HONDA,CIVIC,SILVER,M,HYATTSVILLE,MD
360,20.7,1999,HONDA,CIVIC,SILVER,M,HYATTSVILLE,MD
361,12.55,2009,TOYOTA,CAMRY,GRAY,F,GERMANTOWN,MD
362,16.66666667,2006,NISS,XTERRA,WHITE,M,ROCKVILLE,MD
363,3.9,2006,SATURN,ION,GRAY,F,SILVER SPRING,MD
364,9.25,2015,DODGE,CHARGER,GRAY,F,BETHESDA,MD
365,9.25,2015,DODGE,CHARGER,GRAY,F,BETHESDA,MD
366,6.5,2010,CHEVROLET,HHR,WHITE,M,TAKOMA PARK,MD
367,3.9,2006,SATURN,ION,GRAY,F,SILVER SPRING,MD
368,17.45,2011,SUZUKI,KIZASKI,BLUE DARK,M,SILVER SPRING,MD
369,1.033333333,2004,HONDA,ACCORD,WHITE,F,BURTONSVILLE,MD
370,9.566666667,2001,NISSAN,ALTIMA,GOLD,F,GAITHERSBURG,MD
371,22.13333333,2005,ACUR,4S TL,SILVER,M,SILVER SPRING,MD
372,22.45,2002,HOND,TK CRV,SILVER,F,GERMANTOWN,MD
373,23.31666667,2006,TOYT,4S MATRIX,SILVER,F,SILVER SPRING,MD
374,23.68333333,2011,TOYT,4S  COROLLA,SILVER,M,ROCKVILLE,MD
375,0.483333333,2015,HONDA,CIVIC,GRAY,M,ROCKVILLE,VA
376,0.483333333,2015,HONDA,CIVIC,GRAY,M,ROCKVILLE,VA
377,0.483333333,2015,HONDA,CIVIC,GRAY,M,ROCKVILLE,VA
378,0.483333333,2015,HONDA,CIVIC,GRAY,M,ROCKVILLE,VA
379,23.55,2015,CHEVROLET,CRUZ,GRAY,F,GAITHERSBURG,MD
380,23.55,2015,CHEVROLET,CRUZ,GRAY,F,GAITHERSBURG,MD
381,23.55,2015,CHEVROLET,CRUZ,GRAY,F,GAITHERSBURG,MD
382,23.55,2015,CHEVROLET,CRUZ,GRAY,F,GAITHERSBURG,MD
383,23.55,2015,CHEVROLET,CRUZ,GRAY,F,GAITHERSBURG,MD
384,18.05,2003,CHEVY,SUBURBAN,SILVER,F,CHEVY CHASE,MD
385,18.45,2003,HOND,CIVIC,WHITE,F,ROCKVILLE,MD
386,1.833333333,2007,MERZ,TK,SILVER,F,BOYDS,MD
387,17.45,2011,SUZUKI,KIZASKI,BLUE DARK,M,SILVER SPRING,MD
388,4.416666667,2011,TOYT,TUNDRA,GRAY,M,DAMASCUS,MD
389,7.916666667,2014,HONDA,CIVIC,GRAY,F,NEWARK,DE
390,16.28333333,2004,ACURA,TSX,GRAY,M,HYATTSVILLE,MD
391,23.93333333,1996,TOYOTA,COROLLA,RED,M,SILVER SPRING,MD
392,22.25,2006,KIA,OPTIMA,RED,M,ROCKVILLE,MD
393,22.25,2006,KIA,OPTIMA,RED,M,ROCKVILLE,MD
394,22.25,2006,KIA,OPTIMA,RED,M,ROCKVILLE,MD
395,22.25,2006,KIA,OPTIMA,RED,M,ROCKVILLE,MD
396,20.45,2015,LEXUS,RX350,SILVER,F,FULTON,MD
397,16.28333333,2004,ACURA,TSX,GRAY,M,HYATTSVILLE,MD
398,2.466666667,2013,CHEV,2S,SILVER,M,ROCKVILLE,MD
399,22.71666667,2015,MERZ,SUV,BLACK,M,GAITHERSBURG,MD
